image_id,class_name,class_idx,image_path,mask_path
mel_0000,mel,0,/Users/karan/Documents/CBM-Neuro-approach/data/synthetic/images/mel_0000.jpg,/Users/karan/Documents/CBM-Neuro-approach/data/synthetic/masks/mel_0000.png
mel_0001,mel,0,/Users/karan/Documents/CBM-Neuro-approach/data/synthetic/images/mel_0001.jpg,/Users/karan/Documents/CBM-Neuro-approach/data/synthetic/masks/mel_0001.png
mel_0002,mel,0,/Users/karan/Documents/CBM-Neuro-approach/data/synthetic/images/mel_0002.jpg,/Users/karan/Documents/CBM-Neuro-approach/data/synthetic/masks/mel_0002.png
mel_0003,mel,0,/Users/karan/Documents/CBM-Neuro-approach/data/synthetic/images/mel_0003.jpg,/Users/karan/Documents/CBM-Neuro-approach/data/synthetic/masks/mel_0003.png
mel_0004,mel,0,/Users/karan/Documents/CBM-Neuro-approach/data/synthetic/images/mel_0004.jpg,/Users/karan/Documents/CBM-Neuro-approach/data/synthetic/masks/mel_0004.png
mel_0005,mel,0,/Users/karan/Documents/CBM-Neuro-approach/data/synthetic/images/mel_0005.jpg,/Users/karan/Documents/CBM-Neuro-approach/data/synthetic/masks/mel_0005.png
mel_0006,mel,0,/Users/karan/Documents/CBM-Neuro-approach/data/synthetic/images/mel_0006.jpg,/Users/karan/Documents/CBM-Neuro-approach/data/synthetic/masks/mel_0006.png
mel_0007,mel,0,/Users/karan/Documents/CBM-Neuro-approach/data/synthetic/images/mel_0007.jpg,/Users/karan/Documents/CBM-Neuro-approach/data/synthetic/masks/mel_0007.png
mel_0008,mel,0,/Users/karan/Documents/CBM-Neuro-approach/data/synthetic/images/mel_0008.jpg,/Users/karan/Documents/CBM-Neuro-approach/data/synthetic/masks/mel_0008.png
mel_0009,mel,0,/Users/karan/Documents/CBM-Neuro-approach/data/synthetic/images/mel_0009.jpg,/Users/karan/Documents/CBM-Neuro-approach/data/synthetic/masks/mel_0009.png
mel_0010,mel,0,/Users/karan/Documents/CBM-Neuro-approach/data/synthetic/images/mel_0010.jpg,/Users/karan/Documents/CBM-Neuro-approach/data/synthetic/masks/mel_0010.png
mel_0011,mel,0,/Users/karan/Documents/CBM-Neuro-approach/data/synthetic/images/mel_0011.jpg,/Users/karan/Documents/CBM-Neuro-approach/data/synthetic/masks/mel_0011.png
mel_0012,mel,0,/Users/karan/Documents/CBM-Neuro-approach/data/synthetic/images/mel_0012.jpg,/Users/karan/Documents/CBM-Neuro-approach/data/synthetic/masks/mel_0012.png
mel_0013,mel,0,/Users/karan/Documents/CBM-Neuro-approach/data/synthetic/images/mel_0013.jpg,/Users/karan/Documents/CBM-Neuro-approach/data/synthetic/masks/mel_0013.png
mel_0014,mel,0,/Users/karan/Documents/CBM-Neuro-approach/data/synthetic/images/mel_0014.jpg,/Users/karan/Documents/CBM-Neuro-approach/data/synthetic/masks/mel_0014.png
mel_0015,mel,0,/Users/karan/Documents/CBM-Neuro-approach/data/synthetic/images/mel_0015.jpg,/Users/karan/Documents/CBM-Neuro-approach/data/synthetic/masks/mel_0015.png
mel_0016,mel,0,/Users/karan/Documents/CBM-Neuro-approach/data/synthetic/images/mel_0016.jpg,/Users/karan/Documents/CBM-Neuro-approach/data/synthetic/masks/mel_0016.png
mel_0017,mel,0,/Users/karan/Documents/CBM-Neuro-approach/data/synthetic/images/mel_0017.jpg,/Users/karan/Documents/CBM-Neuro-approach/data/synthetic/masks/mel_0017.png
mel_0018,mel,0,/Users/karan/Documents/CBM-Neuro-approach/data/synthetic/images/mel_0018.jpg,/Users/karan/Documents/CBM-Neuro-approach/data/synthetic/masks/mel_0018.png
mel_0019,mel,0,/Users/karan/Documents/CBM-Neuro-approach/data/synthetic/images/mel_0019.jpg,/Users/karan/Documents/CBM-Neuro-approach/data/synthetic/masks/mel_0019.png
mel_0020,mel,0,/Users/karan/Documents/CBM-Neuro-approach/data/synthetic/images/mel_0020.jpg,/Users/karan/Documents/CBM-Neuro-approach/data/synthetic/masks/mel_0020.png
mel_0021,mel,0,/Users/karan/Documents/CBM-Neuro-approach/data/synthetic/images/mel_0021.jpg,/Users/karan/Documents/CBM-Neuro-approach/data/synthetic/masks/mel_0021.png
mel_0022,mel,0,/Users/karan/Documents/CBM-Neuro-approach/data/synthetic/images/mel_0022.jpg,/Users/karan/Documents/CBM-Neuro-approach/data/synthetic/masks/mel_0022.png
mel_0023,mel,0,/Users/karan/Documents/CBM-Neuro-approach/data/synthetic/images/mel_0023.jpg,/Users/karan/Documents/CBM-Neuro-approach/data/synthetic/masks/mel_0023.png
mel_0024,mel,0,/Users/karan/Documents/CBM-Neuro-approach/data/synthetic/images/mel_0024.jpg,/Users/karan/Documents/CBM-Neuro-approach/data/synthetic/masks/mel_0024.png
mel_0025,mel,0,/Users/karan/Documents/CBM-Neuro-approach/data/synthetic/images/mel_0025.jpg,/Users/karan/Documents/CBM-Neuro-approach/data/synthetic/masks/mel_0025.png
mel_0026,mel,0,/Users/karan/Documents/CBM-Neuro-approach/data/synthetic/images/mel_0026.jpg,/Users/karan/Documents/CBM-Neuro-approach/data/synthetic/masks/mel_0026.png
mel_0027,mel,0,/Users/karan/Documents/CBM-Neuro-approach/data/synthetic/images/mel_0027.jpg,/Users/karan/Documents/CBM-Neuro-approach/data/synthetic/masks/mel_0027.png
mel_0028,mel,0,/Users/karan/Documents/CBM-Neuro-approach/data/synthetic/images/mel_0028.jpg,/Users/karan/Documents/CBM-Neuro-approach/data/synthetic/masks/mel_0028.png
mel_0029,mel,0,/Users/karan/Documents/CBM-Neuro-approach/data/synthetic/images/mel_0029.jpg,/Users/karan/Documents/CBM-Neuro-approach/data/synthetic/masks/mel_0029.png
mel_0030,mel,0,/Users/karan/Documents/CBM-Neuro-approach/data/synthetic/images/mel_0030.jpg,/Users/karan/Documents/CBM-Neuro-approach/data/synthetic/masks/mel_0030.png
mel_0031,mel,0,/Users/karan/Documents/CBM-Neuro-approach/data/synthetic/images/mel_0031.jpg,/Users/karan/Documents/CBM-Neuro-approach/data/synthetic/masks/mel_0031.png
mel_0032,mel,0,/Users/karan/Documents/CBM-Neuro-approach/data/synthetic/images/mel_0032.jpg,/Users/karan/Documents/CBM-Neuro-approach/data/synthetic/masks/mel_0032.png
mel_0033,mel,0,/Users/karan/Documents/CBM-Neuro-approach/data/synthetic/images/mel_0033.jpg,/Users/karan/Documents/CBM-Neuro-approach/data/synthetic/masks/mel_0033.png
mel_0034,mel,0,/Users/karan/Documents/CBM-Neuro-approach/data/synthetic/images/mel_0034.jpg,/Users/karan/Documents/CBM-Neuro-approach/data/synthetic/masks/mel_0034.png
mel_0035,mel,0,/Users/karan/Documents/CBM-Neuro-approach/data/synthetic/images/mel_0035.jpg,/Users/karan/Documents/CBM-Neuro-approach/data/synthetic/masks/mel_0035.png
mel_0036,mel,0,/Users/karan/Documents/CBM-Neuro-approach/data/synthetic/images/mel_0036.jpg,/Users/karan/Documents/CBM-Neuro-approach/data/synthetic/masks/mel_0036.png
mel_0037,mel,0,/Users/karan/Documents/CBM-Neuro-approach/data/synthetic/images/mel_0037.jpg,/Users/karan/Documents/CBM-Neuro-approach/data/synthetic/masks/mel_0037.png
mel_0038,mel,0,/Users/karan/Documents/CBM-Neuro-approach/data/synthetic/images/mel_0038.jpg,/Users/karan/Documents/CBM-Neuro-approach/data/synthetic/masks/mel_0038.png
mel_0039,mel,0,/Users/karan/Documents/CBM-Neuro-approach/data/synthetic/images/mel_0039.jpg,/Users/karan/Documents/CBM-Neuro-approach/data/synthetic/masks/mel_0039.png
nv_0000,nv,1,/Users/karan/Documents/CBM-Neuro-approach/data/synthetic/images/nv_0000.jpg,/Users/karan/Documents/CBM-Neuro-approach/data/synthetic/masks/nv_0000.png
nv_0001,nv,1,/Users/karan/Documents/CBM-Neuro-approach/data/synthetic/images/nv_0001.jpg,/Users/karan/Documents/CBM-Neuro-approach/data/synthetic/masks/nv_0001.png
nv_0002,nv,1,/Users/karan/Documents/CBM-Neuro-approach/data/synthetic/images/nv_0002.jpg,/Users/karan/Documents/CBM-Neuro-approach/data/synthetic/masks/nv_0002.png
nv_0003,nv,1,/Users/karan/Documents/CBM-Neuro-approach/data/synthetic/images/nv_0003.jpg,/Users/karan/Documents/CBM-Neuro-approach/data/synthetic/masks/nv_0003.png
nv_0004,nv,1,/Users/karan/Documents/CBM-Neuro-approach/data/synthetic/images/nv_0004.jpg,/Users/karan/Documents/CBM-Neuro-approach/data/synthetic/masks/nv_0004.png
nv_0005,nv,1,/Users/karan/Documents/CBM-Neuro-approach/data/synthetic/images/nv_0005.jpg,/Users/karan/Documents/CBM-Neuro-approach/data/synthetic/masks/nv_0005.png
nv_0006,nv,1,/Users/karan/Documents/CBM-Neuro-approach/data/synthetic/images/nv_0006.jpg,/Users/karan/Documents/CBM-Neuro-approach/data/synthetic/masks/nv_0006.png
nv_0007,nv,1,/Users/karan/Documents/CBM-Neuro-approach/data/synthetic/images/nv_0007.jpg,/Users/karan/Documents/CBM-Neuro-approach/data/synthetic/masks/nv_0007.png
nv_0008,nv,1,/Users/karan/Documents/CBM-Neuro-approach/data/synthetic/images/nv_0008.jpg,/Users/karan/Documents/CBM-Neuro-approach/data/synthetic/masks/nv_0008.png
nv_0009,nv,1,/Users/karan/Documents/CBM-Neuro-approach/data/synthetic/images/nv_0009.jpg,/Users/karan/Documents/CBM-Neuro-approach/data/synthetic/masks/nv_0009.png
nv_0010,nv,1,/Users/karan/Documents/CBM-Neuro-approach/data/synthetic/images/nv_0010.jpg,/Users/karan/Documents/CBM-Neuro-approach/data/synthetic/masks/nv_0010.png
nv_0011,nv,1,/Users/karan/Documents/CBM-Neuro-approach/data/synthetic/images/nv_0011.jpg,/Users/karan/Documents/CBM-Neuro-approach/data/synthetic/masks/nv_0011.png
nv_0012,nv,1,/Users/karan/Documents/CBM-Neuro-approach/data/synthetic/images/nv_0012.jpg,/Users/karan/Documents/CBM-Neuro-approach/data/synthetic/masks/nv_0012.png
nv_0013,nv,1,/Users/karan/Documents/CBM-Neuro-approach/data/synthetic/images/nv_0013.jpg,/Users/karan/Documents/CBM-Neuro-approach/data/synthetic/masks/nv_0013.png
nv_0014,nv,1,/Users/karan/Documents/CBM-Neuro-approach/data/synthetic/images/nv_0014.jpg,/Users/karan/Documents/CBM-Neuro-approach/data/synthetic/masks/nv_0014.png
nv_0015,nv,1,/Users/karan/Documents/CBM-Neuro-approach/data/synthetic/images/nv_0015.jpg,/Users/karan/Documents/CBM-Neuro-approach/data/synthetic/masks/nv_0015.png
nv_0016,nv,1,/Users/karan/Documents/CBM-Neuro-approach/data/synthetic/images/nv_0016.jpg,/Users/karan/Documents/CBM-Neuro-approach/data/synthetic/masks/nv_0016.png
nv_0017,nv,1,/Users/karan/Documents/CBM-Neuro-approach/data/synthetic/images/nv_0017.jpg,/Users/karan/Documents/CBM-Neuro-approach/data/synthetic/masks/nv_0017.png
nv_0018,nv,1,/Users/karan/Documents/CBM-Neuro-approach/data/synthetic/images/nv_0018.jpg,/Users/karan/Documents/CBM-Neuro-approach/data/synthetic/masks/nv_0018.png
nv_0019,nv,1,/Users/karan/Documents/CBM-Neuro-approach/data/synthetic/images/nv_0019.jpg,/Users/karan/Documents/CBM-Neuro-approach/data/synthetic/masks/nv_0019.png
nv_0020,nv,1,/Users/karan/Documents/CBM-Neuro-approach/data/synthetic/images/nv_0020.jpg,/Users/karan/Documents/CBM-Neuro-approach/data/synthetic/masks/nv_0020.png
nv_0021,nv,1,/Users/karan/Documents/CBM-Neuro-approach/data/synthetic/images/nv_0021.jpg,/Users/karan/Documents/CBM-Neuro-approach/data/synthetic/masks/nv_0021.png
nv_0022,nv,1,/Users/karan/Documents/CBM-Neuro-approach/data/synthetic/images/nv_0022.jpg,/Users/karan/Documents/CBM-Neuro-approach/data/synthetic/masks/nv_0022.png
nv_0023,nv,1,/Users/karan/Documents/CBM-Neuro-approach/data/synthetic/images/nv_0023.jpg,/Users/karan/Documents/CBM-Neuro-approach/data/synthetic/masks/nv_0023.png
nv_0024,nv,1,/Users/karan/Documents/CBM-Neuro-approach/data/synthetic/images/nv_0024.jpg,/Users/karan/Documents/CBM-Neuro-approach/data/synthetic/masks/nv_0024.png
nv_0025,nv,1,/Users/karan/Documents/CBM-Neuro-approach/data/synthetic/images/nv_0025.jpg,/Users/karan/Documents/CBM-Neuro-approach/data/synthetic/masks/nv_0025.png
nv_0026,nv,1,/Users/karan/Documents/CBM-Neuro-approach/data/synthetic/images/nv_0026.jpg,/Users/karan/Documents/CBM-Neuro-approach/data/synthetic/masks/nv_0026.png
nv_0027,nv,1,/Users/karan/Documents/CBM-Neuro-approach/data/synthetic/images/nv_0027.jpg,/Users/karan/Documents/CBM-Neuro-approach/data/synthetic/masks/nv_0027.png
nv_0028,nv,1,/Users/karan/Documents/CBM-Neuro-approach/data/synthetic/images/nv_0028.jpg,/Users/karan/Documents/CBM-Neuro-approach/data/synthetic/masks/nv_0028.png
nv_0029,nv,1,/Users/karan/Documents/CBM-Neuro-approach/data/synthetic/images/nv_0029.jpg,/Users/karan/Documents/CBM-Neuro-approach/data/synthetic/masks/nv_0029.png
nv_0030,nv,1,/Users/karan/Documents/CBM-Neuro-approach/data/synthetic/images/nv_0030.jpg,/Users/karan/Documents/CBM-Neuro-approach/data/synthetic/masks/nv_0030.png
nv_0031,nv,1,/Users/karan/Documents/CBM-Neuro-approach/data/synthetic/images/nv_0031.jpg,/Users/karan/Documents/CBM-Neuro-approach/data/synthetic/masks/nv_0031.png
nv_0032,nv,1,/Users/karan/Documents/CBM-Neuro-approach/data/synthetic/images/nv_0032.jpg,/Users/karan/Documents/CBM-Neuro-approach/data/synthetic/masks/nv_0032.png
nv_0033,nv,1,/Users/karan/Documents/CBM-Neuro-approach/data/synthetic/images/nv_0033.jpg,/Users/karan/Documents/CBM-Neuro-approach/data/synthetic/masks/nv_0033.png
nv_0034,nv,1,/Users/karan/Documents/CBM-Neuro-approach/data/synthetic/images/nv_0034.jpg,/Users/karan/Documents/CBM-Neuro-approach/data/synthetic/masks/nv_0034.png
nv_0035,nv,1,/Users/karan/Documents/CBM-Neuro-approach/data/synthetic/images/nv_0035.jpg,/Users/karan/Documents/CBM-Neuro-approach/data/synthetic/masks/nv_0035.png
nv_0036,nv,1,/Users/karan/Documents/CBM-Neuro-approach/data/synthetic/images/nv_0036.jpg,/Users/karan/Documents/CBM-Neuro-approach/data/synthetic/masks/nv_0036.png
nv_0037,nv,1,/Users/karan/Documents/CBM-Neuro-approach/data/synthetic/images/nv_0037.jpg,/Users/karan/Documents/CBM-Neuro-approach/data/synthetic/masks/nv_0037.png
nv_0038,nv,1,/Users/karan/Documents/CBM-Neuro-approach/data/synthetic/images/nv_0038.jpg,/Users/karan/Documents/CBM-Neuro-approach/data/synthetic/masks/nv_0038.png
nv_0039,nv,1,/Users/karan/Documents/CBM-Neuro-approach/data/synthetic/images/nv_0039.jpg,/Users/karan/Documents/CBM-Neuro-approach/data/synthetic/masks/nv_0039.png
bcc_0000,bcc,2,/Users/karan/Documents/CBM-Neuro-approach/data/synthetic/images/bcc_0000.jpg,/Users/karan/Documents/CBM-Neuro-approach/data/synthetic/masks/bcc_0000.png
bcc_0001,bcc,2,/Users/karan/Documents/CBM-Neuro-approach/data/synthetic/images/bcc_0001.jpg,/Users/karan/Documents/CBM-Neuro-approach/data/synthetic/masks/bcc_0001.png
bcc_0002,bcc,2,/Users/karan/Documents/CBM-Neuro-approach/data/synthetic/images/bcc_0002.jpg,/Users/karan/Documents/CBM-Neuro-approach/data/synthetic/masks/bcc_0002.png
bcc_0003,bcc,2,/Users/karan/Documents/CBM-Neuro-approach/data/synthetic/images/bcc_0003.jpg,/Users/karan/Documents/CBM-Neuro-approach/data/synthetic/masks/bcc_0003.png
bcc_0004,bcc,2,/Users/karan/Documents/CBM-Neuro-approach/data/synthetic/images/bcc_0004.jpg,/Users/karan/Documents/CBM-Neuro-approach/data/synthetic/masks/bcc_0004.png
bcc_0005,bcc,2,/Users/karan/Documents/CBM-Neuro-approach/data/synthetic/images/bcc_0005.jpg,/Users/karan/Documents/CBM-Neuro-approach/data/synthetic/masks/bcc_0005.png
bcc_0006,bcc,2,/Users/karan/Documents/CBM-Neuro-approach/data/synthetic/images/bcc_0006.jpg,/Users/karan/Documents/CBM-Neuro-approach/data/synthetic/masks/bcc_0006.png
bcc_0007,bcc,2,/Users/karan/Documents/CBM-Neuro-approach/data/synthetic/images/bcc_0007.jpg,/Users/karan/Documents/CBM-Neuro-approach/data/synthetic/masks/bcc_0007.png
bcc_0008,bcc,2,/Users/karan/Documents/CBM-Neuro-approach/data/synthetic/images/bcc_0008.jpg,/Users/karan/Documents/CBM-Neuro-approach/data/synthetic/masks/bcc_0008.png
bcc_0009,bcc,2,/Users/karan/Documents/CBM-Neuro-approach/data/synthetic/images/bcc_0009.jpg,/Users/karan/Documents/CBM-Neuro-approach/data/synthetic/masks/bcc_0009.png
bcc_0010,bcc,2,/Users/karan/Documents/CBM-Neuro-approach/data/synthetic/images/bcc_0010.jpg,/Users/karan/Documents/CBM-Neuro-approach/data/synthetic/masks/bcc_0010.png
bcc_0011,bcc,2,/Users/karan/Documents/CBM-Neuro-approach/data/synthetic/images/bcc_0011.jpg,/Users/karan/Documents/CBM-Neuro-approach/data/synthetic/masks/bcc_0011.png
bcc_0012,bcc,2,/Users/karan/Documents/CBM-Neuro-approach/data/synthetic/images/bcc_0012.jpg,/Users/karan/Documents/CBM-Neuro-approach/data/synthetic/masks/bcc_0012.png
bcc_0013,bcc,2,/Users/karan/Documents/CBM-Neuro-approach/data/synthetic/images/bcc_0013.jpg,/Users/karan/Documents/CBM-Neuro-approach/data/synthetic/masks/bcc_0013.png
bcc_0014,bcc,2,/Users/karan/Documents/CBM-Neuro-approach/data/synthetic/images/bcc_0014.jpg,/Users/karan/Documents/CBM-Neuro-approach/data/synthetic/masks/bcc_0014.png
bcc_0015,bcc,2,/Users/karan/Documents/CBM-Neuro-approach/data/synthetic/images/bcc_0015.jpg,/Users/karan/Documents/CBM-Neuro-approach/data/synthetic/masks/bcc_0015.png
bcc_0016,bcc,2,/Users/karan/Documents/CBM-Neuro-approach/data/synthetic/images/bcc_0016.jpg,/Users/karan/Documents/CBM-Neuro-approach/data/synthetic/masks/bcc_0016.png
bcc_0017,bcc,2,/Users/karan/Documents/CBM-Neuro-approach/data/synthetic/images/bcc_0017.jpg,/Users/karan/Documents/CBM-Neuro-approach/data/synthetic/masks/bcc_0017.png
bcc_0018,bcc,2,/Users/karan/Documents/CBM-Neuro-approach/data/synthetic/images/bcc_0018.jpg,/Users/karan/Documents/CBM-Neuro-approach/data/synthetic/masks/bcc_0018.png
bcc_0019,bcc,2,/Users/karan/Documents/CBM-Neuro-approach/data/synthetic/images/bcc_0019.jpg,/Users/karan/Documents/CBM-Neuro-approach/data/synthetic/masks/bcc_0019.png
bcc_0020,bcc,2,/Users/karan/Documents/CBM-Neuro-approach/data/synthetic/images/bcc_0020.jpg,/Users/karan/Documents/CBM-Neuro-approach/data/synthetic/masks/bcc_0020.png
bcc_0021,bcc,2,/Users/karan/Documents/CBM-Neuro-approach/data/synthetic/images/bcc_0021.jpg,/Users/karan/Documents/CBM-Neuro-approach/data/synthetic/masks/bcc_0021.png
bcc_0022,bcc,2,/Users/karan/Documents/CBM-Neuro-approach/data/synthetic/images/bcc_0022.jpg,/Users/karan/Documents/CBM-Neuro-approach/data/synthetic/masks/bcc_0022.png
bcc_0023,bcc,2,/Users/karan/Documents/CBM-Neuro-approach/data/synthetic/images/bcc_0023.jpg,/Users/karan/Documents/CBM-Neuro-approach/data/synthetic/masks/bcc_0023.png
bcc_0024,bcc,2,/Users/karan/Documents/CBM-Neuro-approach/data/synthetic/images/bcc_0024.jpg,/Users/karan/Documents/CBM-Neuro-approach/data/synthetic/masks/bcc_0024.png
bcc_0025,bcc,2,/Users/karan/Documents/CBM-Neuro-approach/data/synthetic/images/bcc_0025.jpg,/Users/karan/Documents/CBM-Neuro-approach/data/synthetic/masks/bcc_0025.png
bcc_0026,bcc,2,/Users/karan/Documents/CBM-Neuro-approach/data/synthetic/images/bcc_0026.jpg,/Users/karan/Documents/CBM-Neuro-approach/data/synthetic/masks/bcc_0026.png
bcc_0027,bcc,2,/Users/karan/Documents/CBM-Neuro-approach/data/synthetic/images/bcc_0027.jpg,/Users/karan/Documents/CBM-Neuro-approach/data/synthetic/masks/bcc_0027.png
bcc_0028,bcc,2,/Users/karan/Documents/CBM-Neuro-approach/data/synthetic/images/bcc_0028.jpg,/Users/karan/Documents/CBM-Neuro-approach/data/synthetic/masks/bcc_0028.png
bcc_0029,bcc,2,/Users/karan/Documents/CBM-Neuro-approach/data/synthetic/images/bcc_0029.jpg,/Users/karan/Documents/CBM-Neuro-approach/data/synthetic/masks/bcc_0029.png
bcc_0030,bcc,2,/Users/karan/Documents/CBM-Neuro-approach/data/synthetic/images/bcc_0030.jpg,/Users/karan/Documents/CBM-Neuro-approach/data/synthetic/masks/bcc_0030.png
bcc_0031,bcc,2,/Users/karan/Documents/CBM-Neuro-approach/data/synthetic/images/bcc_0031.jpg,/Users/karan/Documents/CBM-Neuro-approach/data/synthetic/masks/bcc_0031.png
bcc_0032,bcc,2,/Users/karan/Documents/CBM-Neuro-approach/data/synthetic/images/bcc_0032.jpg,/Users/karan/Documents/CBM-Neuro-approach/data/synthetic/masks/bcc_0032.png
bcc_0033,bcc,2,/Users/karan/Documents/CBM-Neuro-approach/data/synthetic/images/bcc_0033.jpg,/Users/karan/Documents/CBM-Neuro-approach/data/synthetic/masks/bcc_0033.png
bcc_0034,bcc,2,/Users/karan/Documents/CBM-Neuro-approach/data/synthetic/images/bcc_0034.jpg,/Users/karan/Documents/CBM-Neuro-approach/data/synthetic/masks/bcc_0034.png
bcc_0035,bcc,2,/Users/karan/Documents/CBM-Neuro-approach/data/synthetic/images/bcc_0035.jpg,/Users/karan/Documents/CBM-Neuro-approach/data/synthetic/masks/bcc_0035.png
bcc_0036,bcc,2,/Users/karan/Documents/CBM-Neuro-approach/data/synthetic/images/bcc_0036.jpg,/Users/karan/Documents/CBM-Neuro-approach/data/synthetic/masks/bcc_0036.png
bcc_0037,bcc,2,/Users/karan/Documents/CBM-Neuro-approach/data/synthetic/images/bcc_0037.jpg,/Users/karan/Documents/CBM-Neuro-approach/data/synthetic/masks/bcc_0037.png
bcc_0038,bcc,2,/Users/karan/Documents/CBM-Neuro-approach/data/synthetic/images/bcc_0038.jpg,/Users/karan/Documents/CBM-Neuro-approach/data/synthetic/masks/bcc_0038.png
bcc_0039,bcc,2,/Users/karan/Documents/CBM-Neuro-approach/data/synthetic/images/bcc_0039.jpg,/Users/karan/Documents/CBM-Neuro-approach/data/synthetic/masks/bcc_0039.png
akiec_0000,akiec,3,/Users/karan/Documents/CBM-Neuro-approach/data/synthetic/images/akiec_0000.jpg,/Users/karan/Documents/CBM-Neuro-approach/data/synthetic/masks/akiec_0000.png
akiec_0001,akiec,3,/Users/karan/Documents/CBM-Neuro-approach/data/synthetic/images/akiec_0001.jpg,/Users/karan/Documents/CBM-Neuro-approach/data/synthetic/masks/akiec_0001.png
akiec_0002,akiec,3,/Users/karan/Documents/CBM-Neuro-approach/data/synthetic/images/akiec_0002.jpg,/Users/karan/Documents/CBM-Neuro-approach/data/synthetic/masks/akiec_0002.png
akiec_0003,akiec,3,/Users/karan/Documents/CBM-Neuro-approach/data/synthetic/images/akiec_0003.jpg,/Users/karan/Documents/CBM-Neuro-approach/data/synthetic/masks/akiec_0003.png
akiec_0004,akiec,3,/Users/karan/Documents/CBM-Neuro-approach/data/synthetic/images/akiec_0004.jpg,/Users/karan/Documents/CBM-Neuro-approach/data/synthetic/masks/akiec_0004.png
akiec_0005,akiec,3,/Users/karan/Documents/CBM-Neuro-approach/data/synthetic/images/akiec_0005.jpg,/Users/karan/Documents/CBM-Neuro-approach/data/synthetic/masks/akiec_0005.png
akiec_0006,akiec,3,/Users/karan/Documents/CBM-Neuro-approach/data/synthetic/images/akiec_0006.jpg,/Users/karan/Documents/CBM-Neuro-approach/data/synthetic/masks/akiec_0006.png
akiec_0007,akiec,3,/Users/karan/Documents/CBM-Neuro-approach/data/synthetic/images/akiec_0007.jpg,/Users/karan/Documents/CBM-Neuro-approach/data/synthetic/masks/akiec_0007.png
akiec_0008,akiec,3,/Users/karan/Documents/CBM-Neuro-approach/data/synthetic/images/akiec_0008.jpg,/Users/karan/Documents/CBM-Neuro-approach/data/synthetic/masks/akiec_0008.png
akiec_0009,akiec,3,/Users/karan/Documents/CBM-Neuro-approach/data/synthetic/images/akiec_0009.jpg,/Users/karan/Documents/CBM-Neuro-approach/data/synthetic/masks/akiec_0009.png
akiec_0010,akiec,3,/Users/karan/Documents/CBM-Neuro-approach/data/synthetic/images/akiec_0010.jpg,/Users/karan/Documents/CBM-Neuro-approach/data/synthetic/masks/akiec_0010.png
akiec_0011,akiec,3,/Users/karan/Documents/CBM-Neuro-approach/data/synthetic/images/akiec_0011.jpg,/Users/karan/Documents/CBM-Neuro-approach/data/synthetic/masks/akiec_0011.png
akiec_0012,akiec,3,/Users/karan/Documents/CBM-Neuro-approach/data/synthetic/images/akiec_0012.jpg,/Users/karan/Documents/CBM-Neuro-approach/data/synthetic/masks/akiec_0012.png
akiec_0013,akiec,3,/Users/karan/Documents/CBM-Neuro-approach/data/synthetic/images/akiec_0013.jpg,/Users/karan/Documents/CBM-Neuro-approach/data/synthetic/masks/akiec_0013.png
akiec_0014,akiec,3,/Users/karan/Documents/CBM-Neuro-approach/data/synthetic/images/akiec_0014.jpg,/Users/karan/Documents/CBM-Neuro-approach/data/synthetic/masks/akiec_0014.png
akiec_0015,akiec,3,/Users/karan/Documents/CBM-Neuro-approach/data/synthetic/images/akiec_0015.jpg,/Users/karan/Documents/CBM-Neuro-approach/data/synthetic/masks/akiec_0015.png
akiec_0016,akiec,3,/Users/karan/Documents/CBM-Neuro-approach/data/synthetic/images/akiec_0016.jpg,/Users/karan/Documents/CBM-Neuro-approach/data/synthetic/masks/akiec_0016.png
akiec_0017,akiec,3,/Users/karan/Documents/CBM-Neuro-approach/data/synthetic/images/akiec_0017.jpg,/Users/karan/Documents/CBM-Neuro-approach/data/synthetic/masks/akiec_0017.png
akiec_0018,akiec,3,/Users/karan/Documents/CBM-Neuro-approach/data/synthetic/images/akiec_0018.jpg,/Users/karan/Documents/CBM-Neuro-approach/data/synthetic/masks/akiec_0018.png
akiec_0019,akiec,3,/Users/karan/Documents/CBM-Neuro-approach/data/synthetic/images/akiec_0019.jpg,/Users/karan/Documents/CBM-Neuro-approach/data/synthetic/masks/akiec_0019.png
akiec_0020,akiec,3,/Users/karan/Documents/CBM-Neuro-approach/data/synthetic/images/akiec_0020.jpg,/Users/karan/Documents/CBM-Neuro-approach/data/synthetic/masks/akiec_0020.png
akiec_0021,akiec,3,/Users/karan/Documents/CBM-Neuro-approach/data/synthetic/images/akiec_0021.jpg,/Users/karan/Documents/CBM-Neuro-approach/data/synthetic/masks/akiec_0021.png
akiec_0022,akiec,3,/Users/karan/Documents/CBM-Neuro-approach/data/synthetic/images/akiec_0022.jpg,/Users/karan/Documents/CBM-Neuro-approach/data/synthetic/masks/akiec_0022.png
akiec_0023,akiec,3,/Users/karan/Documents/CBM-Neuro-approach/data/synthetic/images/akiec_0023.jpg,/Users/karan/Documents/CBM-Neuro-approach/data/synthetic/masks/akiec_0023.png
akiec_0024,akiec,3,/Users/karan/Documents/CBM-Neuro-approach/data/synthetic/images/akiec_0024.jpg,/Users/karan/Documents/CBM-Neuro-approach/data/synthetic/masks/akiec_0024.png
akiec_0025,akiec,3,/Users/karan/Documents/CBM-Neuro-approach/data/synthetic/images/akiec_0025.jpg,/Users/karan/Documents/CBM-Neuro-approach/data/synthetic/masks/akiec_0025.png
akiec_0026,akiec,3,/Users/karan/Documents/CBM-Neuro-approach/data/synthetic/images/akiec_0026.jpg,/Users/karan/Documents/CBM-Neuro-approach/data/synthetic/masks/akiec_0026.png
akiec_0027,akiec,3,/Users/karan/Documents/CBM-Neuro-approach/data/synthetic/images/akiec_0027.jpg,/Users/karan/Documents/CBM-Neuro-approach/data/synthetic/masks/akiec_0027.png
akiec_0028,akiec,3,/Users/karan/Documents/CBM-Neuro-approach/data/synthetic/images/akiec_0028.jpg,/Users/karan/Documents/CBM-Neuro-approach/data/synthetic/masks/akiec_0028.png
akiec_0029,akiec,3,/Users/karan/Documents/CBM-Neuro-approach/data/synthetic/images/akiec_0029.jpg,/Users/karan/Documents/CBM-Neuro-approach/data/synthetic/masks/akiec_0029.png
akiec_0030,akiec,3,/Users/karan/Documents/CBM-Neuro-approach/data/synthetic/images/akiec_0030.jpg,/Users/karan/Documents/CBM-Neuro-approach/data/synthetic/masks/akiec_0030.png
akiec_0031,akiec,3,/Users/karan/Documents/CBM-Neuro-approach/data/synthetic/images/akiec_0031.jpg,/Users/karan/Documents/CBM-Neuro-approach/data/synthetic/masks/akiec_0031.png
akiec_0032,akiec,3,/Users/karan/Documents/CBM-Neuro-approach/data/synthetic/images/akiec_0032.jpg,/Users/karan/Documents/CBM-Neuro-approach/data/synthetic/masks/akiec_0032.png
akiec_0033,akiec,3,/Users/karan/Documents/CBM-Neuro-approach/data/synthetic/images/akiec_0033.jpg,/Users/karan/Documents/CBM-Neuro-approach/data/synthetic/masks/akiec_0033.png
akiec_0034,akiec,3,/Users/karan/Documents/CBM-Neuro-approach/data/synthetic/images/akiec_0034.jpg,/Users/karan/Documents/CBM-Neuro-approach/data/synthetic/masks/akiec_0034.png
akiec_0035,akiec,3,/Users/karan/Documents/CBM-Neuro-approach/data/synthetic/images/akiec_0035.jpg,/Users/karan/Documents/CBM-Neuro-approach/data/synthetic/masks/akiec_0035.png
akiec_0036,akiec,3,/Users/karan/Documents/CBM-Neuro-approach/data/synthetic/images/akiec_0036.jpg,/Users/karan/Documents/CBM-Neuro-approach/data/synthetic/masks/akiec_0036.png
akiec_0037,akiec,3,/Users/karan/Documents/CBM-Neuro-approach/data/synthetic/images/akiec_0037.jpg,/Users/karan/Documents/CBM-Neuro-approach/data/synthetic/masks/akiec_0037.png
akiec_0038,akiec,3,/Users/karan/Documents/CBM-Neuro-approach/data/synthetic/images/akiec_0038.jpg,/Users/karan/Documents/CBM-Neuro-approach/data/synthetic/masks/akiec_0038.png
akiec_0039,akiec,3,/Users/karan/Documents/CBM-Neuro-approach/data/synthetic/images/akiec_0039.jpg,/Users/karan/Documents/CBM-Neuro-approach/data/synthetic/masks/akiec_0039.png
bkl_0000,bkl,4,/Users/karan/Documents/CBM-Neuro-approach/data/synthetic/images/bkl_0000.jpg,/Users/karan/Documents/CBM-Neuro-approach/data/synthetic/masks/bkl_0000.png
bkl_0001,bkl,4,/Users/karan/Documents/CBM-Neuro-approach/data/synthetic/images/bkl_0001.jpg,/Users/karan/Documents/CBM-Neuro-approach/data/synthetic/masks/bkl_0001.png
bkl_0002,bkl,4,/Users/karan/Documents/CBM-Neuro-approach/data/synthetic/images/bkl_0002.jpg,/Users/karan/Documents/CBM-Neuro-approach/data/synthetic/masks/bkl_0002.png
bkl_0003,bkl,4,/Users/karan/Documents/CBM-Neuro-approach/data/synthetic/images/bkl_0003.jpg,/Users/karan/Documents/CBM-Neuro-approach/data/synthetic/masks/bkl_0003.png
bkl_0004,bkl,4,/Users/karan/Documents/CBM-Neuro-approach/data/synthetic/images/bkl_0004.jpg,/Users/karan/Documents/CBM-Neuro-approach/data/synthetic/masks/bkl_0004.png
bkl_0005,bkl,4,/Users/karan/Documents/CBM-Neuro-approach/data/synthetic/images/bkl_0005.jpg,/Users/karan/Documents/CBM-Neuro-approach/data/synthetic/masks/bkl_0005.png
bkl_0006,bkl,4,/Users/karan/Documents/CBM-Neuro-approach/data/synthetic/images/bkl_0006.jpg,/Users/karan/Documents/CBM-Neuro-approach/data/synthetic/masks/bkl_0006.png
bkl_0007,bkl,4,/Users/karan/Documents/CBM-Neuro-approach/data/synthetic/images/bkl_0007.jpg,/Users/karan/Documents/CBM-Neuro-approach/data/synthetic/masks/bkl_0007.png
bkl_0008,bkl,4,/Users/karan/Documents/CBM-Neuro-approach/data/synthetic/images/bkl_0008.jpg,/Users/karan/Documents/CBM-Neuro-approach/data/synthetic/masks/bkl_0008.png
bkl_0009,bkl,4,/Users/karan/Documents/CBM-Neuro-approach/data/synthetic/images/bkl_0009.jpg,/Users/karan/Documents/CBM-Neuro-approach/data/synthetic/masks/bkl_0009.png
bkl_0010,bkl,4,/Users/karan/Documents/CBM-Neuro-approach/data/synthetic/images/bkl_0010.jpg,/Users/karan/Documents/CBM-Neuro-approach/data/synthetic/masks/bkl_0010.png
bkl_0011,bkl,4,/Users/karan/Documents/CBM-Neuro-approach/data/synthetic/images/bkl_0011.jpg,/Users/karan/Documents/CBM-Neuro-approach/data/synthetic/masks/bkl_0011.png
bkl_0012,bkl,4,/Users/karan/Documents/CBM-Neuro-approach/data/synthetic/images/bkl_0012.jpg,/Users/karan/Documents/CBM-Neuro-approach/data/synthetic/masks/bkl_0012.png
bkl_0013,bkl,4,/Users/karan/Documents/CBM-Neuro-approach/data/synthetic/images/bkl_0013.jpg,/Users/karan/Documents/CBM-Neuro-approach/data/synthetic/masks/bkl_0013.png
bkl_0014,bkl,4,/Users/karan/Documents/CBM-Neuro-approach/data/synthetic/images/bkl_0014.jpg,/Users/karan/Documents/CBM-Neuro-approach/data/synthetic/masks/bkl_0014.png
bkl_0015,bkl,4,/Users/karan/Documents/CBM-Neuro-approach/data/synthetic/images/bkl_0015.jpg,/Users/karan/Documents/CBM-Neuro-approach/data/synthetic/masks/bkl_0015.png
bkl_0016,bkl,4,/Users/karan/Documents/CBM-Neuro-approach/data/synthetic/images/bkl_0016.jpg,/Users/karan/Documents/CBM-Neuro-approach/data/synthetic/masks/bkl_0016.png
bkl_0017,bkl,4,/Users/karan/Documents/CBM-Neuro-approach/data/synthetic/images/bkl_0017.jpg,/Users/karan/Documents/CBM-Neuro-approach/data/synthetic/masks/bkl_0017.png
bkl_0018,bkl,4,/Users/karan/Documents/CBM-Neuro-approach/data/synthetic/images/bkl_0018.jpg,/Users/karan/Documents/CBM-Neuro-approach/data/synthetic/masks/bkl_0018.png
bkl_0019,bkl,4,/Users/karan/Documents/CBM-Neuro-approach/data/synthetic/images/bkl_0019.jpg,/Users/karan/Documents/CBM-Neuro-approach/data/synthetic/masks/bkl_0019.png
bkl_0020,bkl,4,/Users/karan/Documents/CBM-Neuro-approach/data/synthetic/images/bkl_0020.jpg,/Users/karan/Documents/CBM-Neuro-approach/data/synthetic/masks/bkl_0020.png
bkl_0021,bkl,4,/Users/karan/Documents/CBM-Neuro-approach/data/synthetic/images/bkl_0021.jpg,/Users/karan/Documents/CBM-Neuro-approach/data/synthetic/masks/bkl_0021.png
bkl_0022,bkl,4,/Users/karan/Documents/CBM-Neuro-approach/data/synthetic/images/bkl_0022.jpg,/Users/karan/Documents/CBM-Neuro-approach/data/synthetic/masks/bkl_0022.png
bkl_0023,bkl,4,/Users/karan/Documents/CBM-Neuro-approach/data/synthetic/images/bkl_0023.jpg,/Users/karan/Documents/CBM-Neuro-approach/data/synthetic/masks/bkl_0023.png
bkl_0024,bkl,4,/Users/karan/Documents/CBM-Neuro-approach/data/synthetic/images/bkl_0024.jpg,/Users/karan/Documents/CBM-Neuro-approach/data/synthetic/masks/bkl_0024.png
bkl_0025,bkl,4,/Users/karan/Documents/CBM-Neuro-approach/data/synthetic/images/bkl_0025.jpg,/Users/karan/Documents/CBM-Neuro-approach/data/synthetic/masks/bkl_0025.png
bkl_0026,bkl,4,/Users/karan/Documents/CBM-Neuro-approach/data/synthetic/images/bkl_0026.jpg,/Users/karan/Documents/CBM-Neuro-approach/data/synthetic/masks/bkl_0026.png
bkl_0027,bkl,4,/Users/karan/Documents/CBM-Neuro-approach/data/synthetic/images/bkl_0027.jpg,/Users/karan/Documents/CBM-Neuro-approach/data/synthetic/masks/bkl_0027.png
bkl_0028,bkl,4,/Users/karan/Documents/CBM-Neuro-approach/data/synthetic/images/bkl_0028.jpg,/Users/karan/Documents/CBM-Neuro-approach/data/synthetic/masks/bkl_0028.png
bkl_0029,bkl,4,/Users/karan/Documents/CBM-Neuro-approach/data/synthetic/images/bkl_0029.jpg,/Users/karan/Documents/CBM-Neuro-approach/data/synthetic/masks/bkl_0029.png
bkl_0030,bkl,4,/Users/karan/Documents/CBM-Neuro-approach/data/synthetic/images/bkl_0030.jpg,/Users/karan/Documents/CBM-Neuro-approach/data/synthetic/masks/bkl_0030.png
bkl_0031,bkl,4,/Users/karan/Documents/CBM-Neuro-approach/data/synthetic/images/bkl_0031.jpg,/Users/karan/Documents/CBM-Neuro-approach/data/synthetic/masks/bkl_0031.png
bkl_0032,bkl,4,/Users/karan/Documents/CBM-Neuro-approach/data/synthetic/images/bkl_0032.jpg,/Users/karan/Documents/CBM-Neuro-approach/data/synthetic/masks/bkl_0032.png
bkl_0033,bkl,4,/Users/karan/Documents/CBM-Neuro-approach/data/synthetic/images/bkl_0033.jpg,/Users/karan/Documents/CBM-Neuro-approach/data/synthetic/masks/bkl_0033.png
bkl_0034,bkl,4,/Users/karan/Documents/CBM-Neuro-approach/data/synthetic/images/bkl_0034.jpg,/Users/karan/Documents/CBM-Neuro-approach/data/synthetic/masks/bkl_0034.png
bkl_0035,bkl,4,/Users/karan/Documents/CBM-Neuro-approach/data/synthetic/images/bkl_0035.jpg,/Users/karan/Documents/CBM-Neuro-approach/data/synthetic/masks/bkl_0035.png
bkl_0036,bkl,4,/Users/karan/Documents/CBM-Neuro-approach/data/synthetic/images/bkl_0036.jpg,/Users/karan/Documents/CBM-Neuro-approach/data/synthetic/masks/bkl_0036.png
bkl_0037,bkl,4,/Users/karan/Documents/CBM-Neuro-approach/data/synthetic/images/bkl_0037.jpg,/Users/karan/Documents/CBM-Neuro-approach/data/synthetic/masks/bkl_0037.png
bkl_0038,bkl,4,/Users/karan/Documents/CBM-Neuro-approach/data/synthetic/images/bkl_0038.jpg,/Users/karan/Documents/CBM-Neuro-approach/data/synthetic/masks/bkl_0038.png
bkl_0039,bkl,4,/Users/karan/Documents/CBM-Neuro-approach/data/synthetic/images/bkl_0039.jpg,/Users/karan/Documents/CBM-Neuro-approach/data/synthetic/masks/bkl_0039.png
df_0000,df,5,/Users/karan/Documents/CBM-Neuro-approach/data/synthetic/images/df_0000.jpg,/Users/karan/Documents/CBM-Neuro-approach/data/synthetic/masks/df_0000.png
df_0001,df,5,/Users/karan/Documents/CBM-Neuro-approach/data/synthetic/images/df_0001.jpg,/Users/karan/Documents/CBM-Neuro-approach/data/synthetic/masks/df_0001.png
df_0002,df,5,/Users/karan/Documents/CBM-Neuro-approach/data/synthetic/images/df_0002.jpg,/Users/karan/Documents/CBM-Neuro-approach/data/synthetic/masks/df_0002.png
df_0003,df,5,/Users/karan/Documents/CBM-Neuro-approach/data/synthetic/images/df_0003.jpg,/Users/karan/Documents/CBM-Neuro-approach/data/synthetic/masks/df_0003.png
df_0004,df,5,/Users/karan/Documents/CBM-Neuro-approach/data/synthetic/images/df_0004.jpg,/Users/karan/Documents/CBM-Neuro-approach/data/synthetic/masks/df_0004.png
df_0005,df,5,/Users/karan/Documents/CBM-Neuro-approach/data/synthetic/images/df_0005.jpg,/Users/karan/Documents/CBM-Neuro-approach/data/synthetic/masks/df_0005.png
df_0006,df,5,/Users/karan/Documents/CBM-Neuro-approach/data/synthetic/images/df_0006.jpg,/Users/karan/Documents/CBM-Neuro-approach/data/synthetic/masks/df_0006.png
df_0007,df,5,/Users/karan/Documents/CBM-Neuro-approach/data/synthetic/images/df_0007.jpg,/Users/karan/Documents/CBM-Neuro-approach/data/synthetic/masks/df_0007.png
df_0008,df,5,/Users/karan/Documents/CBM-Neuro-approach/data/synthetic/images/df_0008.jpg,/Users/karan/Documents/CBM-Neuro-approach/data/synthetic/masks/df_0008.png
df_0009,df,5,/Users/karan/Documents/CBM-Neuro-approach/data/synthetic/images/df_0009.jpg,/Users/karan/Documents/CBM-Neuro-approach/data/synthetic/masks/df_0009.png
df_0010,df,5,/Users/karan/Documents/CBM-Neuro-approach/data/synthetic/images/df_0010.jpg,/Users/karan/Documents/CBM-Neuro-approach/data/synthetic/masks/df_0010.png
df_0011,df,5,/Users/karan/Documents/CBM-Neuro-approach/data/synthetic/images/df_0011.jpg,/Users/karan/Documents/CBM-Neuro-approach/data/synthetic/masks/df_0011.png
df_0012,df,5,/Users/karan/Documents/CBM-Neuro-approach/data/synthetic/images/df_0012.jpg,/Users/karan/Documents/CBM-Neuro-approach/data/synthetic/masks/df_0012.png
df_0013,df,5,/Users/karan/Documents/CBM-Neuro-approach/data/synthetic/images/df_0013.jpg,/Users/karan/Documents/CBM-Neuro-approach/data/synthetic/masks/df_0013.png
df_0014,df,5,/Users/karan/Documents/CBM-Neuro-approach/data/synthetic/images/df_0014.jpg,/Users/karan/Documents/CBM-Neuro-approach/data/synthetic/masks/df_0014.png
df_0015,df,5,/Users/karan/Documents/CBM-Neuro-approach/data/synthetic/images/df_0015.jpg,/Users/karan/Documents/CBM-Neuro-approach/data/synthetic/masks/df_0015.png
df_0016,df,5,/Users/karan/Documents/CBM-Neuro-approach/data/synthetic/images/df_0016.jpg,/Users/karan/Documents/CBM-Neuro-approach/data/synthetic/masks/df_0016.png
df_0017,df,5,/Users/karan/Documents/CBM-Neuro-approach/data/synthetic/images/df_0017.jpg,/Users/karan/Documents/CBM-Neuro-approach/data/synthetic/masks/df_0017.png
df_0018,df,5,/Users/karan/Documents/CBM-Neuro-approach/data/synthetic/images/df_0018.jpg,/Users/karan/Documents/CBM-Neuro-approach/data/synthetic/masks/df_0018.png
df_0019,df,5,/Users/karan/Documents/CBM-Neuro-approach/data/synthetic/images/df_0019.jpg,/Users/karan/Documents/CBM-Neuro-approach/data/synthetic/masks/df_0019.png
df_0020,df,5,/Users/karan/Documents/CBM-Neuro-approach/data/synthetic/images/df_0020.jpg,/Users/karan/Documents/CBM-Neuro-approach/data/synthetic/masks/df_0020.png
df_0021,df,5,/Users/karan/Documents/CBM-Neuro-approach/data/synthetic/images/df_0021.jpg,/Users/karan/Documents/CBM-Neuro-approach/data/synthetic/masks/df_0021.png
df_0022,df,5,/Users/karan/Documents/CBM-Neuro-approach/data/synthetic/images/df_0022.jpg,/Users/karan/Documents/CBM-Neuro-approach/data/synthetic/masks/df_0022.png
df_0023,df,5,/Users/karan/Documents/CBM-Neuro-approach/data/synthetic/images/df_0023.jpg,/Users/karan/Documents/CBM-Neuro-approach/data/synthetic/masks/df_0023.png
df_0024,df,5,/Users/karan/Documents/CBM-Neuro-approach/data/synthetic/images/df_0024.jpg,/Users/karan/Documents/CBM-Neuro-approach/data/synthetic/masks/df_0024.png
df_0025,df,5,/Users/karan/Documents/CBM-Neuro-approach/data/synthetic/images/df_0025.jpg,/Users/karan/Documents/CBM-Neuro-approach/data/synthetic/masks/df_0025.png
df_0026,df,5,/Users/karan/Documents/CBM-Neuro-approach/data/synthetic/images/df_0026.jpg,/Users/karan/Documents/CBM-Neuro-approach/data/synthetic/masks/df_0026.png
df_0027,df,5,/Users/karan/Documents/CBM-Neuro-approach/data/synthetic/images/df_0027.jpg,/Users/karan/Documents/CBM-Neuro-approach/data/synthetic/masks/df_0027.png
df_0028,df,5,/Users/karan/Documents/CBM-Neuro-approach/data/synthetic/images/df_0028.jpg,/Users/karan/Documents/CBM-Neuro-approach/data/synthetic/masks/df_0028.png
df_0029,df,5,/Users/karan/Documents/CBM-Neuro-approach/data/synthetic/images/df_0029.jpg,/Users/karan/Documents/CBM-Neuro-approach/data/synthetic/masks/df_0029.png
df_0030,df,5,/Users/karan/Documents/CBM-Neuro-approach/data/synthetic/images/df_0030.jpg,/Users/karan/Documents/CBM-Neuro-approach/data/synthetic/masks/df_0030.png
df_0031,df,5,/Users/karan/Documents/CBM-Neuro-approach/data/synthetic/images/df_0031.jpg,/Users/karan/Documents/CBM-Neuro-approach/data/synthetic/masks/df_0031.png
df_0032,df,5,/Users/karan/Documents/CBM-Neuro-approach/data/synthetic/images/df_0032.jpg,/Users/karan/Documents/CBM-Neuro-approach/data/synthetic/masks/df_0032.png
df_0033,df,5,/Users/karan/Documents/CBM-Neuro-approach/data/synthetic/images/df_0033.jpg,/Users/karan/Documents/CBM-Neuro-approach/data/synthetic/masks/df_0033.png
df_0034,df,5,/Users/karan/Documents/CBM-Neuro-approach/data/synthetic/images/df_0034.jpg,/Users/karan/Documents/CBM-Neuro-approach/data/synthetic/masks/df_0034.png
df_0035,df,5,/Users/karan/Documents/CBM-Neuro-approach/data/synthetic/images/df_0035.jpg,/Users/karan/Documents/CBM-Neuro-approach/data/synthetic/masks/df_0035.png
df_0036,df,5,/Users/karan/Documents/CBM-Neuro-approach/data/synthetic/images/df_0036.jpg,/Users/karan/Documents/CBM-Neuro-approach/data/synthetic/masks/df_0036.png
df_0037,df,5,/Users/karan/Documents/CBM-Neuro-approach/data/synthetic/images/df_0037.jpg,/Users/karan/Documents/CBM-Neuro-approach/data/synthetic/masks/df_0037.png
df_0038,df,5,/Users/karan/Documents/CBM-Neuro-approach/data/synthetic/images/df_0038.jpg,/Users/karan/Documents/CBM-Neuro-approach/data/synthetic/masks/df_0038.png
df_0039,df,5,/Users/karan/Documents/CBM-Neuro-approach/data/synthetic/images/df_0039.jpg,/Users/karan/Documents/CBM-Neuro-approach/data/synthetic/masks/df_0039.png
vasc_0000,vasc,6,/Users/karan/Documents/CBM-Neuro-approach/data/synthetic/images/vasc_0000.jpg,/Users/karan/Documents/CBM-Neuro-approach/data/synthetic/masks/vasc_0000.png
vasc_0001,vasc,6,/Users/karan/Documents/CBM-Neuro-approach/data/synthetic/images/vasc_0001.jpg,/Users/karan/Documents/CBM-Neuro-approach/data/synthetic/masks/vasc_0001.png
vasc_0002,vasc,6,/Users/karan/Documents/CBM-Neuro-approach/data/synthetic/images/vasc_0002.jpg,/Users/karan/Documents/CBM-Neuro-approach/data/synthetic/masks/vasc_0002.png
vasc_0003,vasc,6,/Users/karan/Documents/CBM-Neuro-approach/data/synthetic/images/vasc_0003.jpg,/Users/karan/Documents/CBM-Neuro-approach/data/synthetic/masks/vasc_0003.png
vasc_0004,vasc,6,/Users/karan/Documents/CBM-Neuro-approach/data/synthetic/images/vasc_0004.jpg,/Users/karan/Documents/CBM-Neuro-approach/data/synthetic/masks/vasc_0004.png
vasc_0005,vasc,6,/Users/karan/Documents/CBM-Neuro-approach/data/synthetic/images/vasc_0005.jpg,/Users/karan/Documents/CBM-Neuro-approach/data/synthetic/masks/vasc_0005.png
vasc_0006,vasc,6,/Users/karan/Documents/CBM-Neuro-approach/data/synthetic/images/vasc_0006.jpg,/Users/karan/Documents/CBM-Neuro-approach/data/synthetic/masks/vasc_0006.png
vasc_0007,vasc,6,/Users/karan/Documents/CBM-Neuro-approach/data/synthetic/images/vasc_0007.jpg,/Users/karan/Documents/CBM-Neuro-approach/data/synthetic/masks/vasc_0007.png
vasc_0008,vasc,6,/Users/karan/Documents/CBM-Neuro-approach/data/synthetic/images/vasc_0008.jpg,/Users/karan/Documents/CBM-Neuro-approach/data/synthetic/masks/vasc_0008.png
vasc_0009,vasc,6,/Users/karan/Documents/CBM-Neuro-approach/data/synthetic/images/vasc_0009.jpg,/Users/karan/Documents/CBM-Neuro-approach/data/synthetic/masks/vasc_0009.png
vasc_0010,vasc,6,/Users/karan/Documents/CBM-Neuro-approach/data/synthetic/images/vasc_0010.jpg,/Users/karan/Documents/CBM-Neuro-approach/data/synthetic/masks/vasc_0010.png
vasc_0011,vasc,6,/Users/karan/Documents/CBM-Neuro-approach/data/synthetic/images/vasc_0011.jpg,/Users/karan/Documents/CBM-Neuro-approach/data/synthetic/masks/vasc_0011.png
vasc_0012,vasc,6,/Users/karan/Documents/CBM-Neuro-approach/data/synthetic/images/vasc_0012.jpg,/Users/karan/Documents/CBM-Neuro-approach/data/synthetic/masks/vasc_0012.png
vasc_0013,vasc,6,/Users/karan/Documents/CBM-Neuro-approach/data/synthetic/images/vasc_0013.jpg,/Users/karan/Documents/CBM-Neuro-approach/data/synthetic/masks/vasc_0013.png
vasc_0014,vasc,6,/Users/karan/Documents/CBM-Neuro-approach/data/synthetic/images/vasc_0014.jpg,/Users/karan/Documents/CBM-Neuro-approach/data/synthetic/masks/vasc_0014.png
vasc_0015,vasc,6,/Users/karan/Documents/CBM-Neuro-approach/data/synthetic/images/vasc_0015.jpg,/Users/karan/Documents/CBM-Neuro-approach/data/synthetic/masks/vasc_0015.png
vasc_0016,vasc,6,/Users/karan/Documents/CBM-Neuro-approach/data/synthetic/images/vasc_0016.jpg,/Users/karan/Documents/CBM-Neuro-approach/data/synthetic/masks/vasc_0016.png
vasc_0017,vasc,6,/Users/karan/Documents/CBM-Neuro-approach/data/synthetic/images/vasc_0017.jpg,/Users/karan/Documents/CBM-Neuro-approach/data/synthetic/masks/vasc_0017.png
vasc_0018,vasc,6,/Users/karan/Documents/CBM-Neuro-approach/data/synthetic/images/vasc_0018.jpg,/Users/karan/Documents/CBM-Neuro-approach/data/synthetic/masks/vasc_0018.png
vasc_0019,vasc,6,/Users/karan/Documents/CBM-Neuro-approach/data/synthetic/images/vasc_0019.jpg,/Users/karan/Documents/CBM-Neuro-approach/data/synthetic/masks/vasc_0019.png
vasc_0020,vasc,6,/Users/karan/Documents/CBM-Neuro-approach/data/synthetic/images/vasc_0020.jpg,/Users/karan/Documents/CBM-Neuro-approach/data/synthetic/masks/vasc_0020.png
vasc_0021,vasc,6,/Users/karan/Documents/CBM-Neuro-approach/data/synthetic/images/vasc_0021.jpg,/Users/karan/Documents/CBM-Neuro-approach/data/synthetic/masks/vasc_0021.png
vasc_0022,vasc,6,/Users/karan/Documents/CBM-Neuro-approach/data/synthetic/images/vasc_0022.jpg,/Users/karan/Documents/CBM-Neuro-approach/data/synthetic/masks/vasc_0022.png
vasc_0023,vasc,6,/Users/karan/Documents/CBM-Neuro-approach/data/synthetic/images/vasc_0023.jpg,/Users/karan/Documents/CBM-Neuro-approach/data/synthetic/masks/vasc_0023.png
vasc_0024,vasc,6,/Users/karan/Documents/CBM-Neuro-approach/data/synthetic/images/vasc_0024.jpg,/Users/karan/Documents/CBM-Neuro-approach/data/synthetic/masks/vasc_0024.png
vasc_0025,vasc,6,/Users/karan/Documents/CBM-Neuro-approach/data/synthetic/images/vasc_0025.jpg,/Users/karan/Documents/CBM-Neuro-approach/data/synthetic/masks/vasc_0025.png
vasc_0026,vasc,6,/Users/karan/Documents/CBM-Neuro-approach/data/synthetic/images/vasc_0026.jpg,/Users/karan/Documents/CBM-Neuro-approach/data/synthetic/masks/vasc_0026.png
vasc_0027,vasc,6,/Users/karan/Documents/CBM-Neuro-approach/data/synthetic/images/vasc_0027.jpg,/Users/karan/Documents/CBM-Neuro-approach/data/synthetic/masks/vasc_0027.png
vasc_0028,vasc,6,/Users/karan/Documents/CBM-Neuro-approach/data/synthetic/images/vasc_0028.jpg,/Users/karan/Documents/CBM-Neuro-approach/data/synthetic/masks/vasc_0028.png
vasc_0029,vasc,6,/Users/karan/Documents/CBM-Neuro-approach/data/synthetic/images/vasc_0029.jpg,/Users/karan/Documents/CBM-Neuro-approach/data/synthetic/masks/vasc_0029.png
vasc_0030,vasc,6,/Users/karan/Documents/CBM-Neuro-approach/data/synthetic/images/vasc_0030.jpg,/Users/karan/Documents/CBM-Neuro-approach/data/synthetic/masks/vasc_0030.png
vasc_0031,vasc,6,/Users/karan/Documents/CBM-Neuro-approach/data/synthetic/images/vasc_0031.jpg,/Users/karan/Documents/CBM-Neuro-approach/data/synthetic/masks/vasc_0031.png
vasc_0032,vasc,6,/Users/karan/Documents/CBM-Neuro-approach/data/synthetic/images/vasc_0032.jpg,/Users/karan/Documents/CBM-Neuro-approach/data/synthetic/masks/vasc_0032.png
vasc_0033,vasc,6,/Users/karan/Documents/CBM-Neuro-approach/data/synthetic/images/vasc_0033.jpg,/Users/karan/Documents/CBM-Neuro-approach/data/synthetic/masks/vasc_0033.png
vasc_0034,vasc,6,/Users/karan/Documents/CBM-Neuro-approach/data/synthetic/images/vasc_0034.jpg,/Users/karan/Documents/CBM-Neuro-approach/data/synthetic/masks/vasc_0034.png
vasc_0035,vasc,6,/Users/karan/Documents/CBM-Neuro-approach/data/synthetic/images/vasc_0035.jpg,/Users/karan/Documents/CBM-Neuro-approach/data/synthetic/masks/vasc_0035.png
vasc_0036,vasc,6,/Users/karan/Documents/CBM-Neuro-approach/data/synthetic/images/vasc_0036.jpg,/Users/karan/Documents/CBM-Neuro-approach/data/synthetic/masks/vasc_0036.png
vasc_0037,vasc,6,/Users/karan/Documents/CBM-Neuro-approach/data/synthetic/images/vasc_0037.jpg,/Users/karan/Documents/CBM-Neuro-approach/data/synthetic/masks/vasc_0037.png
vasc_0038,vasc,6,/Users/karan/Documents/CBM-Neuro-approach/data/synthetic/images/vasc_0038.jpg,/Users/karan/Documents/CBM-Neuro-approach/data/synthetic/masks/vasc_0038.png
vasc_0039,vasc,6,/Users/karan/Documents/CBM-Neuro-approach/data/synthetic/images/vasc_0039.jpg,/Users/karan/Documents/CBM-Neuro-approach/data/synthetic/masks/vasc_0039.png
